{
  "best_epoch": 0,
  "peak_worker_0_memory_MB": 7394.62109375,
  "peak_gpu_0_memory_MB": 0,
  "training_duration": "0:25:30.103540",
  "training_start_epoch": 0,
  "training_epochs": 0,
  "epoch": 0,
  "training_f1": 0.916753426194191,
  "training_accuracy": 0.9167478260869565,
  "training_loss": 0.24176759851469856,
  "training_worker_0_memory_MB": 7394.62109375,
  "training_gpu_0_memory_MB": 0.0,
  "validation_f1": 0.93624147772789,
  "validation_accuracy": 0.9362,
  "validation_loss": 0.19967257926395288,
  "best_validation_f1": 0.93624147772789,
  "best_validation_accuracy": 0.9362,
  "best_validation_loss": 0.19967257926395288
}