{
  "best_epoch": 1,
  "peak_worker_0_memory_MB": 7578.484375,
  "peak_gpu_0_memory_MB": 0,
  "training_duration": "0:50:49.964217",
  "training_start_epoch": 0,
  "training_epochs": 1,
  "epoch": 1,
  "training_f1": 0.9408047795295715,
  "training_accuracy": 0.9407739130434782,
  "training_loss": 0.17209470952999906,
  "training_worker_0_memory_MB": 7578.484375,
  "training_gpu_0_memory_MB": 0.0,
  "validation_f1": 0.9374922960996628,
  "validation_accuracy": 0.9374,
  "validation_loss": 0.19080838245509293,
  "best_validation_f1": 0.9374922960996628,
  "best_validation_accuracy": 0.9374,
  "best_validation_loss": 0.19080838245509293
}