{
  "best_epoch": 3,
  "peak_worker_0_memory_MB": 7579.625,
  "peak_gpu_0_memory_MB": 0,
  "training_duration": "2:36:47.771729",
  "training_start_epoch": 0,
  "training_epochs": 5,
  "epoch": 5,
  "training_f1": 0.9748233407735825,
  "training_accuracy": 0.9748086956521739,
  "training_loss": 0.07621078600229157,
  "training_worker_0_memory_MB": 7579.625,
  "training_gpu_0_memory_MB": 0.0,
  "validation_f1": 0.9401298761367798,
  "validation_accuracy": 0.9402,
  "validation_loss": 0.24898629076555728,
  "best_validation_f1": 0.9404686391353607,
  "best_validation_accuracy": 0.9404,
  "best_validation_loss": 0.21464091743983793,
  "test_f1": 0.935231626033783,
  "test_accuracy": 0.9352631578947368,
  "test_loss": 0.2283249031232768
}