{
  "best_epoch": 3,
  "peak_worker_0_memory_MB": 7579.625,
  "peak_gpu_0_memory_MB": 0,
  "training_duration": "1:43:56.266761",
  "training_start_epoch": 0,
  "training_epochs": 3,
  "epoch": 3,
  "training_f1": 0.9619807153940201,
  "training_accuracy": 0.9619652173913044,
  "training_loss": 0.11122705816078719,
  "training_worker_0_memory_MB": 7579.625,
  "training_gpu_0_memory_MB": 0.0,
  "validation_f1": 0.9404686391353607,
  "validation_accuracy": 0.9404,
  "validation_loss": 0.21464091743983793,
  "best_validation_f1": 0.9404686391353607,
  "best_validation_accuracy": 0.9404,
  "best_validation_loss": 0.21464091743983793
}