{
  "best_epoch": 0,
  "peak_worker_0_memory_MB": 9853.49609375,
  "peak_gpu_0_memory_MB": 0,
  "training_duration": "0:06:25.272794",
  "training_start_epoch": 0,
  "training_epochs": 0,
  "epoch": 0,
  "training_f1": 0.9182995557785034,
  "training_accuracy": 0.9183,
  "training_loss": 0.21191471285931765,
  "training_worker_0_memory_MB": 9853.49609375,
  "training_gpu_0_memory_MB": 0.0,
  "validation_f1": 0.9265795052051544,
  "validation_accuracy": 0.9268,
  "validation_loss": 0.2021454704074433,
  "best_validation_f1": 0.9265795052051544,
  "best_validation_accuracy": 0.9268,
  "best_validation_loss": 0.2021454704074433
}