{
  "best_epoch": 1,
  "peak_worker_0_memory_MB": 6398.34375,
  "peak_gpu_0_memory_MB": 0,
  "training_duration": "0:02:13.560726",
  "training_start_epoch": 0,
  "training_epochs": 1,
  "epoch": 1,
  "training_f1": 0.7450168984276908,
  "training_accuracy": 0.8524386455420938,
  "training_loss": 0.48724427848759266,
  "training_worker_0_memory_MB": 6398.34375,
  "training_gpu_0_memory_MB": 0.0,
  "validation_f1": 0.7867485199655805,
  "validation_accuracy": 0.8527472527472527,
  "validation_loss": 0.4479483416111305,
  "best_validation_f1": 0.7867485199655805,
  "best_validation_accuracy": 0.8527472527472527,
  "best_validation_loss": 0.4479483416111305
}