{
  "best_epoch": 0,
  "peak_worker_0_memory_MB": 6352.82421875,
  "peak_gpu_0_memory_MB": 0,
  "training_duration": "0:01:04.675126",
  "training_start_epoch": 0,
  "training_epochs": 0,
  "epoch": 0,
  "training_f1": 0.30952210711049183,
  "training_accuracy": 0.616340478409444,
  "training_loss": 1.2126680791082949,
  "training_worker_0_memory_MB": 6352.82421875,
  "training_gpu_0_memory_MB": 0.0,
  "validation_f1": 0.5471255694116864,
  "validation_accuracy": 0.7516483516483516,
  "validation_loss": 0.7314700448307497,
  "best_validation_f1": 0.5471255694116864,
  "best_validation_accuracy": 0.7516483516483516,
  "best_validation_loss": 0.7314700448307497
}