{
  "best_epoch": 4,
  "peak_worker_0_memory_MB": 6141.15234375,
  "peak_gpu_0_memory_MB": 0,
  "training_duration": "0:05:59.890478",
  "training_start_epoch": 0,
  "training_epochs": 4,
  "epoch": 4,
  "training_f1": 0.6528106102576623,
  "training_accuracy": 0.9215639242024466,
  "training_loss": 0.2586193107821447,
  "training_worker_0_memory_MB": 6141.15234375,
  "training_gpu_0_memory_MB": 0.0,
  "validation_f1": 0.5071415167588454,
  "validation_accuracy": 0.8100535640708694,
  "validation_loss": 0.7502191132792321,
  "best_validation_f1": 0.5071415167588454,
  "best_validation_accuracy": 0.8100535640708694,
  "best_validation_loss": 0.7502191132792321
}