{
  "best_epoch": 1,
  "peak_worker_0_memory_MB": 6140.75390625,
  "peak_gpu_0_memory_MB": 0,
  "training_duration": "0:02:31.927951",
  "training_start_epoch": 0,
  "training_epochs": 1,
  "epoch": 1,
  "training_f1": 0.47963117636167085,
  "training_accuracy": 0.7886783401295274,
  "training_loss": 0.6840637247167328,
  "training_worker_0_memory_MB": 6140.75390625,
  "training_gpu_0_memory_MB": 0.0,
  "validation_f1": 0.4847683863571057,
  "validation_accuracy": 0.7935723114956736,
  "validation_loss": 0.6659056804584045,
  "best_validation_f1": 0.4847683863571057,
  "best_validation_accuracy": 0.7935723114956736,
  "best_validation_loss": 0.6659056804584045
}