{
  "best_epoch": 4,
  "peak_worker_0_memory_MB": 6141.30859375,
  "peak_gpu_0_memory_MB": 0,
  "training_duration": "0:06:46.485129",
  "training_start_epoch": 0,
  "training_epochs": 5,
  "epoch": 5,
  "training_f1": 0.6959529152283301,
  "training_accuracy": 0.9412329095706404,
  "training_loss": 0.19333981322320856,
  "training_worker_0_memory_MB": 6141.30859375,
  "training_gpu_0_memory_MB": 0.0,
  "validation_f1": 0.5021648054512647,
  "validation_accuracy": 0.76926246394726,
  "validation_loss": 0.9079529769951478,
  "best_validation_f1": 0.5071415167588454,
  "best_validation_accuracy": 0.8100535640708694,
  "best_validation_loss": 0.7502191132792321
}