{
  "best_epoch": 3,
  "peak_worker_0_memory_MB": 6141.07421875,
  "peak_gpu_0_memory_MB": 0,
  "training_duration": "0:05:05.711120",
  "training_start_epoch": 0,
  "training_epochs": 3,
  "epoch": 3,
  "training_f1": 0.6309649073160611,
  "training_accuracy": 0.9074118493643559,
  "training_loss": 0.32840399620733385,
  "training_worker_0_memory_MB": 6141.07421875,
  "training_gpu_0_memory_MB": 0.0,
  "validation_f1": 0.5045280605554581,
  "validation_accuracy": 0.7906880922950145,
  "validation_loss": 0.7950216498544538,
  "best_validation_f1": 0.5045280605554581,
  "best_validation_accuracy": 0.7906880922950145,
  "best_validation_loss": 0.7950216498544538
}