{
  "best_epoch": 2,
  "peak_worker_0_memory_MB": 6397.5390625,
  "peak_gpu_0_memory_MB": 0,
  "training_duration": "0:03:21.423916",
  "training_start_epoch": 0,
  "training_epochs": 2,
  "epoch": 2,
  "training_f1": 0.7912931144237518,
  "training_accuracy": 0.8738738738738738,
  "training_loss": 0.3885300089743468,
  "training_worker_0_memory_MB": 6397.5390625,
  "training_gpu_0_memory_MB": 0.0,
  "validation_f1": 0.8024433084896633,
  "validation_accuracy": 0.8527472527472527,
  "validation_loss": 0.5086828542166743,
  "best_validation_f1": 0.8024433084896633,
  "best_validation_accuracy": 0.8527472527472527,
  "best_validation_loss": 0.5086828542166743
}