{
  "best_epoch": 3,
  "peak_worker_0_memory_MB": 6397.7734375,
  "peak_gpu_0_memory_MB": 0,
  "training_duration": "0:05:38.914531",
  "training_start_epoch": 0,
  "training_epochs": 4,
  "epoch": 4,
  "training_f1": 0.9127007808004107,
  "training_accuracy": 0.9450139794967382,
  "training_loss": 0.17706726251704857,
  "training_worker_0_memory_MB": 6397.7734375,
  "training_gpu_0_memory_MB": 0.0,
  "validation_f1": 0.8136643852506366,
  "validation_accuracy": 0.8725274725274725,
  "validation_loss": 0.4519033943270815,
  "best_validation_f1": 0.822163598878043,
  "best_validation_accuracy": 0.8725274725274725,
  "best_validation_loss": 0.44175540912767935
}