{
  "best_epoch": 2,
  "peak_worker_0_memory_MB": 8642.1875,
  "peak_gpu_0_memory_MB": 0,
  "training_duration": "0:59:28.934124",
  "training_start_epoch": 0,
  "training_epochs": 3,
  "epoch": 3,
  "training_f1": 0.8466724157333374,
  "training_accuracy": 0.8993223728060431,
  "training_loss": 0.2763934551215684,
  "training_worker_0_memory_MB": 8642.1875,
  "training_gpu_0_memory_MB": 0.0,
  "validation_f1": 0.8073379755020141,
  "validation_accuracy": 0.8657156096915133,
  "validation_loss": 0.38814421005048105,
  "best_validation_f1": 0.8190619945526123,
  "best_validation_accuracy": 0.8744207599629287,
  "best_validation_loss": 0.374073999710805
}