{
  "best_epoch": 2,
  "peak_worker_0_memory_MB": 8641.74609375,
  "peak_gpu_0_memory_MB": 0,
  "training_duration": "0:45:58.621783",
  "training_start_epoch": 0,
  "training_epochs": 2,
  "epoch": 2,
  "training_f1": 0.8314721822738648,
  "training_accuracy": 0.8874305709842257,
  "training_loss": 0.30827062908848213,
  "training_worker_0_memory_MB": 8641.74609375,
  "training_gpu_0_memory_MB": 0.0,
  "validation_f1": 0.8190619945526123,
  "validation_accuracy": 0.8744207599629287,
  "validation_loss": 0.374073999710805,
  "best_validation_f1": 0.8190619945526123,
  "best_validation_accuracy": 0.8744207599629287,
  "best_validation_loss": 0.374073999710805
}