{
  "best_epoch": 0,
  "peak_worker_0_memory_MB": 8465.58203125,
  "peak_gpu_0_memory_MB": 0,
  "training_duration": "0:19:07.827690",
  "training_start_epoch": 0,
  "training_epochs": 0,
  "epoch": 0,
  "training_f1": 0.791044044494629,
  "training_accuracy": 0.8522717173961342,
  "training_loss": 0.4104105423464143,
  "training_worker_0_memory_MB": 8465.58203125,
  "training_gpu_0_memory_MB": 0.0,
  "validation_f1": 0.8120266675949097,
  "validation_accuracy": 0.8719052032305045,
  "validation_loss": 0.35279888278287536,
  "best_validation_f1": 0.8120266675949097,
  "best_validation_accuracy": 0.8719052032305045,
  "best_validation_loss": 0.35279888278287536
}