{
  "best_epoch": 0,
  "peak_worker_0_memory_MB": 5993.30078125,
  "peak_gpu_0_memory_MB": 0,
  "training_duration": "0:00:47.221880",
  "training_start_epoch": 0,
  "training_epochs": 0,
  "epoch": 0,
  "training_f1": 0.2533016571631798,
  "training_accuracy": 0.538498440873111,
  "training_loss": 1.4502996388979799,
  "training_worker_0_memory_MB": 5993.30078125,
  "training_gpu_0_memory_MB": 0.0,
  "validation_f1": 0.44795944140507626,
  "validation_accuracy": 0.7313555830243098,
  "validation_loss": 0.8326367445682225,
  "best_validation_f1": 0.44795944140507626,
  "best_validation_accuracy": 0.7313555830243098,
  "best_validation_loss": 0.8326367445682225
}