{
  "best_epoch": 2,
  "peak_worker_0_memory_MB": 13603.65625,
  "peak_gpu_0_memory_MB": 0,
  "training_duration": "0:58:28.640798",
  "training_start_epoch": 0,
  "training_epochs": 3,
  "epoch": 3,
  "training_f1": 0.8059851825237274,
  "training_accuracy": 0.9128771116953432,
  "training_loss": 0.2236176417671379,
  "training_worker_0_memory_MB": 13603.65625,
  "training_gpu_0_memory_MB": 0.0,
  "validation_f1": 0.6652082353830338,
  "validation_accuracy": 0.869,
  "validation_loss": 0.36517221803149097,
  "best_validation_f1": 0.6915393471717834,
  "best_validation_accuracy": 0.8698,
  "best_validation_loss": 0.3464769286790881
}