{
  "best_epoch": 2,
  "peak_worker_0_memory_MB": 13603.65625,
  "peak_gpu_0_memory_MB": 0,
  "training_duration": "0:44:17.683601",
  "training_start_epoch": 0,
  "training_epochs": 2,
  "epoch": 2,
  "training_f1": 0.7490813434123993,
  "training_accuracy": 0.8933978880877389,
  "training_loss": 0.2611827802796383,
  "training_worker_0_memory_MB": 13603.65625,
  "training_gpu_0_memory_MB": 0.0,
  "validation_f1": 0.6915393471717834,
  "validation_accuracy": 0.8698,
  "validation_loss": 0.3464769286790881,
  "best_validation_f1": 0.6915393471717834,
  "best_validation_accuracy": 0.8698,
  "best_validation_loss": 0.3464769286790881
}