{
  "best_epoch": 0,
  "peak_worker_0_memory_MB": 6348.73828125,
  "peak_gpu_0_memory_MB": 0,
  "training_duration": "0:00:23.732338",
  "training_start_epoch": 0,
  "training_epochs": 0,
  "epoch": 0,
  "training_f1": 0.2990414782294205,
  "training_accuracy": 0.6054675365020192,
  "training_loss": 1.2073310770020627,
  "training_worker_0_memory_MB": 6348.73828125,
  "training_gpu_0_memory_MB": 0.0,
  "validation_f1": 0.5299580980624471,
  "validation_accuracy": 0.7296703296703296,
  "validation_loss": 0.7549389528817144,
  "best_validation_f1": 0.5299580980624471,
  "best_validation_accuracy": 0.7296703296703296,
  "best_validation_loss": 0.7549389528817144
}