{
  "best_epoch": 3,
  "peak_worker_0_memory_MB": 10048.8046875,
  "peak_gpu_0_memory_MB": 0,
  "training_duration": "0:25:09.338918",
  "training_start_epoch": 0,
  "training_epochs": 3,
  "epoch": 3,
  "training_f1": 0.9853500425815582,
  "training_accuracy": 0.98535,
  "training_loss": 0.04885303370966576,
  "training_worker_0_memory_MB": 10048.8046875,
  "training_gpu_0_memory_MB": 0.0,
  "validation_f1": 0.947396457195282,
  "validation_accuracy": 0.9474,
  "validation_loss": 0.1599493230136629,
  "best_validation_f1": 0.947396457195282,
  "best_validation_accuracy": 0.9474,
  "best_validation_loss": 0.1599493230136629
}