{
  "best_epoch": 0,
  "peak_worker_0_memory_MB": 10048.640625,
  "peak_gpu_0_memory_MB": 0,
  "training_duration": "0:12:36.988436",
  "training_start_epoch": 0,
  "training_epochs": 1,
  "epoch": 1,
  "training_f1": 0.9578499794006348,
  "training_accuracy": 0.95785,
  "training_loss": 0.12349252428989857,
  "training_worker_0_memory_MB": 10048.640625,
  "training_gpu_0_memory_MB": 0.0,
  "validation_f1": 0.9429332315921783,
  "validation_accuracy": 0.943,
  "validation_loss": 0.15997064531224367,
  "best_validation_f1": 0.9457778632640839,
  "best_validation_accuracy": 0.9458,
  "best_validation_loss": 0.14250839574815938
}