{
  "best_epoch": 4,
  "peak_worker_0_memory_MB": 10049.00390625,
  "peak_gpu_0_memory_MB": 0,
  "training_duration": "0:38:01.589042",
  "training_start_epoch": 0,
  "training_epochs": 5,
  "epoch": 5,
  "training_f1": 0.9911500215530396,
  "training_accuracy": 0.99115,
  "training_loss": 0.02883546062889509,
  "training_worker_0_memory_MB": 10049.00390625,
  "training_gpu_0_memory_MB": 0.0,
  "validation_f1": 0.9427906572818756,
  "validation_accuracy": 0.9428,
  "validation_loss": 0.2661300584664211,
  "best_validation_f1": 0.9481804966926575,
  "best_validation_accuracy": 0.9482,
  "best_validation_loss": 0.26036561747991327
}