{
  "best_epoch": 3,
  "peak_worker_0_memory_MB": 6400.52734375,
  "peak_gpu_0_memory_MB": 0,
  "training_duration": "0:06:47.804349",
  "training_start_epoch": 0,
  "training_epochs": 4,
  "epoch": 4,
  "training_f1": 0.9302726217678615,
  "training_accuracy": 0.9561975768872321,
  "training_loss": 0.14893279859501093,
  "training_worker_0_memory_MB": 6400.52734375,
  "training_gpu_0_memory_MB": 0.0,
  "validation_f1": 0.7935815708977836,
  "validation_accuracy": 0.8615384615384616,
  "validation_loss": 0.5263257787466563,
  "best_validation_f1": 0.8535458956445966,
  "best_validation_accuracy": 0.8791208791208791,
  "best_validation_loss": 0.4205336308684842
}