{
  "best_epoch": 3,
  "peak_worker_0_memory_MB": 6400.390625,
  "peak_gpu_0_memory_MB": 0,
  "training_duration": "0:05:41.843341",
  "training_start_epoch": 0,
  "training_epochs": 3,
  "epoch": 3,
  "training_f1": 0.8869592462267194,
  "training_accuracy": 0.9288598943771358,
  "training_loss": 0.24188457521619183,
  "training_worker_0_memory_MB": 6400.390625,
  "training_gpu_0_memory_MB": 0.0,
  "validation_f1": 0.8535458956445966,
  "validation_accuracy": 0.8791208791208791,
  "validation_loss": 0.4205336308684842,
  "best_validation_f1": 0.8535458956445966,
  "best_validation_accuracy": 0.8791208791208791,
  "best_validation_loss": 0.4205336308684842
}