{
  "best_epoch": 1,
  "peak_worker_0_memory_MB": 6141.3515625,
  "peak_gpu_0_memory_MB": 0,
  "training_duration": "0:01:31.963983",
  "training_start_epoch": 0,
  "training_epochs": 1,
  "epoch": 1,
  "training_f1": 0.4942501743252461,
  "training_accuracy": 0.8073878627968337,
  "training_loss": 0.6477418974669957,
  "training_worker_0_memory_MB": 6141.3515625,
  "training_gpu_0_memory_MB": 0.0,
  "validation_f1": 0.5021735681937292,
  "validation_accuracy": 0.8034610630407911,
  "validation_loss": 0.6511513930990508,
  "best_validation_f1": 0.5021735681937292,
  "best_validation_accuracy": 0.8034610630407911,
  "best_validation_loss": 0.6511513930990508
}