{
  "best_epoch": 0,
  "peak_worker_0_memory_MB": 5996.375,
  "peak_gpu_0_memory_MB": 0,
  "training_duration": "0:00:45.521295",
  "training_start_epoch": 0,
  "training_epochs": 0,
  "epoch": 0,
  "training_f1": 0.2839532700868753,
  "training_accuracy": 0.5725593667546174,
  "training_loss": 1.342064316816257,
  "training_worker_0_memory_MB": 5996.375,
  "training_gpu_0_memory_MB": 0.0,
  "validation_f1": 0.4655208954444298,
  "validation_accuracy": 0.7770910589204779,
  "validation_loss": 0.788709519430995,
  "best_validation_f1": 0.4655208954444298,
  "best_validation_accuracy": 0.7770910589204779,
  "best_validation_loss": 0.788709519430995
}