{
  "best_epoch": 3,
  "peak_worker_0_memory_MB": 8644.55859375,
  "peak_gpu_0_memory_MB": 0,
  "training_duration": "1:27:59.702138",
  "training_start_epoch": 0,
  "training_epochs": 3,
  "epoch": 3,
  "training_f1": 0.8472701668739319,
  "training_accuracy": 0.8994334592312819,
  "training_loss": 0.27589698819563424,
  "training_worker_0_memory_MB": 8644.55859375,
  "training_gpu_0_memory_MB": 0.0,
  "validation_f1": 0.8226816892623902,
  "validation_accuracy": 0.8773997087250099,
  "validation_loss": 0.37002096219504005,
  "best_validation_f1": 0.8226816892623902,
  "best_validation_accuracy": 0.8773997087250099,
  "best_validation_loss": 0.37002096219504005
}