{
  "best_epoch": 3,
  "peak_worker_0_memory_MB": 8644.55859375,
  "peak_gpu_0_memory_MB": 0,
  "training_duration": "1:53:03.961771",
  "training_start_epoch": 0,
  "training_epochs": 4,
  "epoch": 4,
  "training_f1": 0.8605733990669251,
  "training_accuracy": 0.9103865807598311,
  "training_loss": 0.24756359751694224,
  "training_worker_0_memory_MB": 8644.55859375,
  "training_gpu_0_memory_MB": 0.0,
  "validation_f1": 0.8150373697280884,
  "validation_accuracy": 0.8694889447901496,
  "validation_loss": 0.394517136118959,
  "best_validation_f1": 0.8226816892623902,
  "best_validation_accuracy": 0.8773997087250099,
  "best_validation_loss": 0.37002096219504005
}