{
  "best_epoch": 0,
  "peak_worker_0_memory_MB": 8469.07421875,
  "peak_gpu_0_memory_MB": 0,
  "training_duration": "0:21:12.255547",
  "training_start_epoch": 0,
  "training_epochs": 0,
  "epoch": 0,
  "training_f1": 0.7884395718574524,
  "training_accuracy": 0.8509164630082204,
  "training_loss": 0.4111571038509476,
  "training_worker_0_memory_MB": 8469.07421875,
  "training_gpu_0_memory_MB": 0.0,
  "validation_f1": 0.8105803489685058,
  "validation_accuracy": 0.8697868396663577,
  "validation_loss": 0.36448306541065567,
  "best_validation_f1": 0.8105803489685058,
  "best_validation_accuracy": 0.8697868396663577,
  "best_validation_loss": 0.36448306541065567
}