{
  "best_epoch": 0,
  "peak_worker_0_memory_MB": 13506.03125,
  "peak_gpu_0_memory_MB": 0,
  "training_duration": "0:27:42.159821",
  "training_start_epoch": 0,
  "training_epochs": 0,
  "epoch": 0,
  "training_f1": 0.6065509468317032,
  "training_accuracy": 0.8641660376048798,
  "training_loss": 0.3258343963650599,
  "training_worker_0_memory_MB": 13506.03125,
  "training_gpu_0_memory_MB": 0.0,
  "validation_f1": 0.5446603000164032,
  "validation_accuracy": 0.8632,
  "validation_loss": 0.31953004221565806,
  "best_validation_f1": 0.5446603000164032,
  "best_validation_accuracy": 0.8632,
  "best_validation_loss": 0.31953004221565806
}