{
  "best_epoch": 3,
  "peak_worker_0_memory_MB": 13603.0703125,
  "peak_gpu_0_memory_MB": 0,
  "training_duration": "2:46:58.232595",
  "training_start_epoch": 0,
  "training_epochs": 5,
  "epoch": 5,
  "training_f1": 0.8864637911319733,
  "training_accuracy": 0.9461870179000617,
  "training_loss": 0.14949402343496646,
  "training_worker_0_memory_MB": 13603.0703125,
  "training_gpu_0_memory_MB": 0.0,
  "validation_f1": 0.6716841757297516,
  "validation_accuracy": 0.87,
  "validation_loss": 0.4555026786684538,
  "best_validation_f1": 0.6911037415266037,
  "best_validation_accuracy": 0.8656,
  "best_validation_loss": 0.37125995155638114
}