{
  "best_epoch": 4,
  "peak_worker_0_memory_MB": 6170.69140625,
  "peak_gpu_0_memory_MB": 0,
  "training_duration": "0:03:55.358731",
  "training_start_epoch": 0,
  "training_epochs": 4,
  "epoch": 4,
  "training_f1": 0.7185760874014634,
  "training_accuracy": 0.9318781482369873,
  "training_loss": 0.22868345131191256,
  "training_worker_0_memory_MB": 6170.69140625,
  "training_gpu_0_memory_MB": 0.0,
  "validation_f1": 0.5319946740682309,
  "validation_accuracy": 0.8298310671611042,
  "validation_loss": 0.7177843530172188,
  "best_validation_f1": 0.5319946740682309,
  "best_validation_accuracy": 0.8298310671611042,
  "best_validation_loss": 0.7177843530172188
}