{
  "best_epoch": 1,
  "peak_worker_0_memory_MB": 8640.77734375,
  "peak_gpu_0_memory_MB": 0,
  "training_duration": "0:38:59.975840",
  "training_start_epoch": 0,
  "training_epochs": 1,
  "epoch": 1,
  "training_f1": 0.817428982257843,
  "training_accuracy": 0.8752221728504777,
  "training_loss": 0.3450939576728734,
  "training_worker_0_memory_MB": 8640.77734375,
  "training_gpu_0_memory_MB": 0.0,
  "validation_f1": 0.8220285773277283,
  "validation_accuracy": 0.8775321064477691,
  "validation_loss": 0.3493192914021416,
  "best_validation_f1": 0.8220285773277283,
  "best_validation_accuracy": 0.8775321064477691,
  "best_validation_loss": 0.3493192914021416
}