{
  "best_epoch": 1,
  "peak_worker_0_memory_MB": 8640.77734375,
  "peak_gpu_0_memory_MB": 0,
  "training_duration": "0:58:39.614723",
  "training_start_epoch": 0,
  "training_epochs": 2,
  "epoch": 2,
  "training_f1": 0.8312171101570129,
  "training_accuracy": 0.8869029104643412,
  "training_loss": 0.31044539394236836,
  "training_worker_0_memory_MB": 8640.77734375,
  "training_gpu_0_memory_MB": 0.0,
  "validation_f1": 0.8126728415489197,
  "validation_accuracy": 0.8757778366212101,
  "validation_loss": 0.360637211342391,
  "best_validation_f1": 0.8220285773277283,
  "best_validation_accuracy": 0.8775321064477691,
  "best_validation_loss": 0.3493192914021416
}