{
  "best_epoch": 0,
  "peak_worker_0_memory_MB": 8464.27734375,
  "peak_gpu_0_memory_MB": 0,
  "training_duration": "0:19:29.406452",
  "training_start_epoch": 0,
  "training_epochs": 0,
  "epoch": 0,
  "training_f1": 0.7893901467323303,
  "training_accuracy": 0.8508275938680293,
  "training_loss": 0.4118211519316244,
  "training_worker_0_memory_MB": 8464.27734375,
  "training_gpu_0_memory_MB": 0.0,
  "validation_f1": 0.8168606281280517,
  "validation_accuracy": 0.8744207599629287,
  "validation_loss": 0.3514147334953483,
  "best_validation_f1": 0.8168606281280517,
  "best_validation_accuracy": 0.8744207599629287,
  "best_validation_loss": 0.3514147334953483
}