{
  "best_epoch": 0,
  "peak_worker_0_memory_MB": 13602.80859375,
  "peak_gpu_0_memory_MB": 0,
  "training_duration": "0:56:45.942287",
  "training_start_epoch": 0,
  "training_epochs": 1,
  "epoch": 1,
  "training_f1": 0.6865085810422897,
  "training_accuracy": 0.8774414104866769,
  "training_loss": 0.2927844939519548,
  "training_worker_0_memory_MB": 13602.80859375,
  "training_gpu_0_memory_MB": 0.0,
  "validation_f1": 0.5793171972036362,
  "validation_accuracy": 0.8662,
  "validation_loss": 0.3182008264247126,
  "best_validation_f1": 0.6131196618080139,
  "best_validation_accuracy": 0.8706,
  "best_validation_loss": 0.3142262159819944
}