{
  "best_epoch": 2,
  "peak_worker_0_memory_MB": 13602.80859375,
  "peak_gpu_0_memory_MB": 0,
  "training_duration": "1:24:54.902921",
  "training_start_epoch": 0,
  "training_epochs": 2,
  "epoch": 2,
  "training_f1": 0.7431119084358215,
  "training_accuracy": 0.8927644879437054,
  "training_loss": 0.2634801306795543,
  "training_worker_0_memory_MB": 13602.80859375,
  "training_gpu_0_memory_MB": 0.0,
  "validation_f1": 0.6809341907501221,
  "validation_accuracy": 0.8706,
  "validation_loss": 0.3293500272170328,
  "best_validation_f1": 0.6809341907501221,
  "best_validation_accuracy": 0.8706,
  "best_validation_loss": 0.3293500272170328
}