{
  "best_epoch": 5,
  "peak_worker_0_memory_MB": 13608.71875,
  "peak_gpu_0_memory_MB": 0,
  "training_duration": "2:50:21.011520",
  "training_start_epoch": 0,
  "training_epochs": 5,
  "epoch": 5,
  "training_f1": 0.8892876207828522,
  "training_accuracy": 0.9476620593313724,
  "training_loss": 0.14985405365023236,
  "training_worker_0_memory_MB": 13608.71875,
  "training_gpu_0_memory_MB": 0.0,
  "validation_f1": 0.7016178667545319,
  "validation_accuracy": 0.8608,
  "validation_loss": 0.4176018681755057,
  "best_validation_f1": 0.7016178667545319,
  "best_validation_accuracy": 0.8608,
  "best_validation_loss": 0.4176018681755057
}