{
  "best_epoch": 4,
  "peak_worker_0_memory_MB": 6046.85546875,
  "peak_gpu_0_memory_MB": 0,
  "training_duration": "0:01:09.376115",
  "training_start_epoch": 0,
  "training_epochs": 4,
  "epoch": 4,
  "training_f1": 0.7853538990020752,
  "training_accuracy": 0.8755924170616114,
  "training_loss": 0.41420182620860496,
  "training_worker_0_memory_MB": 6046.85546875,
  "training_gpu_0_memory_MB": 0.0,
  "validation_f1": 0.6284093707799911,
  "validation_accuracy": 0.7456140350877193,
  "validation_loss": 0.6650783745571971,
  "best_validation_f1": 0.6284093707799911,
  "best_validation_accuracy": 0.7456140350877193,
  "best_validation_loss": 0.6650783745571971
}