{
  "best_epoch": 0,
  "peak_worker_0_memory_MB": 5857.5859375,
  "peak_gpu_0_memory_MB": 0,
  "training_duration": "0:00:13.553493",
  "training_start_epoch": 0,
  "training_epochs": 0,
  "epoch": 0,
  "training_f1": 0.18740078139429292,
  "training_accuracy": 0.544431279620853,
  "training_loss": 1.3160368198493742,
  "training_worker_0_memory_MB": 5857.5859375,
  "training_gpu_0_memory_MB": 0.0,
  "validation_f1": 0.23968255519866943,
  "validation_accuracy": 0.631578947368421,
  "validation_loss": 1.2166748568415642,
  "best_validation_f1": 0.23968255519866943,
  "best_validation_accuracy": 0.631578947368421,
  "best_validation_loss": 1.2166748568415642
}