{
  "best_epoch": 3,
  "peak_worker_0_memory_MB": 6146.359375,
  "peak_gpu_0_memory_MB": 0,
  "training_duration": "0:02:58.839945",
  "training_start_epoch": 0,
  "training_epochs": 3,
  "epoch": 3,
  "training_f1": 0.6239761664317205,
  "training_accuracy": 0.899496282082034,
  "training_loss": 0.33869498235198503,
  "training_worker_0_memory_MB": 6146.359375,
  "training_gpu_0_memory_MB": 0.0,
  "validation_f1": 0.5217357243482883,
  "validation_accuracy": 0.814997939843428,
  "validation_loss": 0.6522657092366564,
  "best_validation_f1": 0.5217357243482883,
  "best_validation_accuracy": 0.814997939843428,
  "best_validation_loss": 0.6522657092366564
}