{
  "best_epoch": 1,
  "peak_worker_0_memory_MB": 6145.9765625,
  "peak_gpu_0_memory_MB": 0,
  "training_duration": "0:01:29.815166",
  "training_start_epoch": 0,
  "training_epochs": 1,
  "epoch": 1,
  "training_f1": 0.4773470495755856,
  "training_accuracy": 0.7867594147277525,
  "training_loss": 0.6937319791351242,
  "training_worker_0_memory_MB": 6145.9765625,
  "training_gpu_0_memory_MB": 0.0,
  "validation_f1": 0.5000177169075379,
  "validation_accuracy": 0.8158220024721878,
  "validation_loss": 0.654261888740094,
  "best_validation_f1": 0.5000177169075379,
  "best_validation_accuracy": 0.8158220024721878,
  "best_validation_loss": 0.654261888740094
}