{
  "best_epoch": 4,
  "peak_worker_0_memory_MB": 6146.5234375,
  "peak_gpu_0_memory_MB": 0,
  "training_duration": "0:04:25.803482",
  "training_start_epoch": 0,
  "training_epochs": 5,
  "epoch": 5,
  "training_f1": 0.7029525981499598,
  "training_accuracy": 0.932357879587431,
  "training_loss": 0.2179126782473034,
  "training_worker_0_memory_MB": 6146.5234375,
  "training_gpu_0_memory_MB": 0.0,
  "validation_f1": 0.5237283059037648,
  "validation_accuracy": 0.8182941903584673,
  "validation_loss": 0.8068445022891912,
  "best_validation_f1": 0.5397226374882919,
  "best_validation_accuracy": 0.8108776266996292,
  "best_validation_loss": 0.7164017872786835
}