{
  "best_epoch": 3,
  "peak_worker_0_memory_MB": 6034.953125,
  "peak_gpu_0_memory_MB": 0,
  "training_duration": "0:00:56.498981",
  "training_start_epoch": 0,
  "training_epochs": 3,
  "epoch": 3,
  "training_f1": 0.7200749814510345,
  "training_accuracy": 0.8329383886255924,
  "training_loss": 0.5117939451955399,
  "training_worker_0_memory_MB": 6034.953125,
  "training_gpu_0_memory_MB": 0.0,
  "validation_f1": 0.7268531223138174,
  "validation_accuracy": 0.7807017543859649,
  "validation_loss": 0.6339830798096955,
  "best_validation_f1": 0.7268531223138174,
  "best_validation_accuracy": 0.7807017543859649,
  "best_validation_loss": 0.6339830798096955
}