{
  "best_epoch": 4,
  "peak_worker_0_memory_MB": 6035.17578125,
  "peak_gpu_0_memory_MB": 0,
  "training_duration": "0:01:34.103796",
  "training_start_epoch": 0,
  "training_epochs": 6,
  "epoch": 6,
  "training_f1": 0.9238633016745249,
  "training_accuracy": 0.9508293838862559,
  "training_loss": 0.17152694206825406,
  "training_worker_0_memory_MB": 6035.17578125,
  "training_gpu_0_memory_MB": 0.0,
  "validation_f1": 0.6319768726825714,
  "validation_accuracy": 0.7105263157894737,
  "validation_loss": 0.7637025635922328,
  "best_validation_f1": 0.7430652976036072,
  "best_validation_accuracy": 0.8070175438596491,
  "best_validation_loss": 0.5759921232238412,
  "test_f1": 0.7181217024723688,
  "test_accuracy": 0.8057553956834532,
  "test_loss": 0.6986522906356387
}