{
  "best_epoch": 2,
  "peak_worker_0_memory_MB": 6034.953125,
  "peak_gpu_0_memory_MB": 0,
  "training_duration": "0:00:41.030026",
  "training_start_epoch": 0,
  "training_epochs": 2,
  "epoch": 2,
  "training_f1": 0.5055211571355661,
  "training_accuracy": 0.75,
  "training_loss": 0.7347313792638059,
  "training_worker_0_memory_MB": 6034.953125,
  "training_gpu_0_memory_MB": 0.0,
  "validation_f1": 0.5697918186585108,
  "validation_accuracy": 0.6754385964912281,
  "validation_loss": 0.7633680999279022,
  "best_validation_f1": 0.5697918186585108,
  "best_validation_accuracy": 0.6754385964912281,
  "best_validation_loss": 0.7633680999279022
}