{
  "best_epoch": 4,
  "peak_worker_0_memory_MB": 6035.17578125,
  "peak_gpu_0_memory_MB": 0,
  "training_duration": "0:01:10.381862",
  "training_start_epoch": 0,
  "training_epochs": 4,
  "epoch": 4,
  "training_f1": 0.8189736902713776,
  "training_accuracy": 0.8827014218009479,
  "training_loss": 0.36680585852349706,
  "training_worker_0_memory_MB": 6035.17578125,
  "training_gpu_0_memory_MB": 0.0,
  "validation_f1": 0.7430652976036072,
  "validation_accuracy": 0.8070175438596491,
  "validation_loss": 0.5759921232238412,
  "best_validation_f1": 0.7430652976036072,
  "best_validation_accuracy": 0.8070175438596491,
  "best_validation_loss": 0.5759921232238412
}