{
  "best_epoch": 3,
  "peak_worker_0_memory_MB": 13609.34765625,
  "peak_gpu_0_memory_MB": 0,
  "training_duration": "2:19:49.300720",
  "training_start_epoch": 0,
  "training_epochs": 4,
  "epoch": 4,
  "training_f1": 0.8572811186313629,
  "training_accuracy": 0.933492984876487,
  "training_loss": 0.17839895362523242,
  "training_worker_0_memory_MB": 13609.34765625,
  "training_gpu_0_memory_MB": 0.0,
  "validation_f1": 0.6405804455280304,
  "validation_accuracy": 0.8682,
  "validation_loss": 0.4689253295887821,
  "best_validation_f1": 0.664522334933281,
  "best_validation_accuracy": 0.8702,
  "best_validation_loss": 0.3441448056201537
}