{
  "best_epoch": 2,
  "peak_worker_0_memory_MB": 13608.65625,
  "peak_gpu_0_memory_MB": 0,
  "training_duration": "1:23:47.177090",
  "training_start_epoch": 0,
  "training_epochs": 2,
  "epoch": 2,
  "training_f1": 0.7489559054374695,
  "training_accuracy": 0.8933545045162298,
  "training_loss": 0.2602038348878608,
  "training_worker_0_memory_MB": 13608.65625,
  "training_gpu_0_memory_MB": 0.0,
  "validation_f1": 0.620190441608429,
  "validation_accuracy": 0.8684,
  "validation_loss": 0.4015715682429794,
  "best_validation_f1": 0.620190441608429,
  "best_validation_accuracy": 0.8684,
  "best_validation_loss": 0.4015715682429794
}