{
  "best_epoch": 3,
  "peak_worker_0_memory_MB": 13609.33203125,
  "peak_gpu_0_memory_MB": 0,
  "training_duration": "1:51:33.749553",
  "training_start_epoch": 0,
  "training_epochs": 3,
  "epoch": 3,
  "training_f1": 0.8059733808040619,
  "training_accuracy": 0.9130593226956816,
  "training_loss": 0.22180717183263565,
  "training_worker_0_memory_MB": 13609.33203125,
  "training_gpu_0_memory_MB": 0.0,
  "validation_f1": 0.664522334933281,
  "validation_accuracy": 0.8702,
  "validation_loss": 0.3441448056201537,
  "best_validation_f1": 0.664522334933281,
  "best_validation_accuracy": 0.8702,
  "best_validation_loss": 0.3441448056201537
}