{
  "best_epoch": 0,
  "peak_worker_0_memory_MB": 7399.2734375,
  "peak_gpu_0_memory_MB": 0,
  "training_duration": "0:08:22.225085",
  "training_start_epoch": 0,
  "training_epochs": 0,
  "epoch": 0,
  "training_f1": 0.916401669383049,
  "training_accuracy": 0.9164086956521739,
  "training_loss": 0.24204393681030567,
  "training_worker_0_memory_MB": 7399.2734375,
  "training_gpu_0_memory_MB": 0.0,
  "validation_f1": 0.9381914883852005,
  "validation_accuracy": 0.9382,
  "validation_loss": 0.19094400817659288,
  "best_validation_f1": 0.9381914883852005,
  "best_validation_accuracy": 0.9382,
  "best_validation_loss": 0.19094400817659288
}