{
  "best_epoch": 1,
  "peak_worker_0_memory_MB": 6051.33984375,
  "peak_gpu_0_memory_MB": 0,
  "training_duration": "0:00:22.193272",
  "training_start_epoch": 0,
  "training_epochs": 1,
  "epoch": 1,
  "training_f1": 0.4005198795348406,
  "training_accuracy": 0.6943127962085308,
  "training_loss": 0.9130224914483305,
  "training_worker_0_memory_MB": 6051.33984375,
  "training_gpu_0_memory_MB": 0.0,
  "validation_f1": 0.48863845070203143,
  "validation_accuracy": 0.7368421052631579,
  "validation_loss": 0.7333419024944305,
  "best_validation_f1": 0.48863845070203143,
  "best_validation_accuracy": 0.7368421052631579,
  "best_validation_loss": 0.7333419024944305
}