{
  "best_epoch": 6,
  "peak_worker_0_memory_MB": 6051.5546875,
  "peak_gpu_0_memory_MB": 0,
  "training_duration": "0:01:40.259309",
  "training_start_epoch": 0,
  "training_epochs": 7,
  "epoch": 7,
  "training_f1": 0.9391436676184336,
  "training_accuracy": 0.9620853080568721,
  "training_loss": 0.13461299215548866,
  "training_worker_0_memory_MB": 6051.5546875,
  "training_gpu_0_memory_MB": 0.0,
  "validation_f1": 0.6874789049228033,
  "validation_accuracy": 0.8070175438596491,
  "validation_loss": 0.631453387090005,
  "best_validation_f1": 0.7652464707692465,
  "best_validation_accuracy": 0.8245614035087719,
  "best_validation_loss": 0.6599598048487678
}