{
  "best_epoch": 6,
  "peak_worker_0_memory_MB": 6051.5546875,
  "peak_gpu_0_memory_MB": 0,
  "training_duration": "0:01:50.271300",
  "training_start_epoch": 0,
  "training_epochs": 8,
  "epoch": 8,
  "training_f1": 0.9523808558781942,
  "training_accuracy": 0.9703791469194313,
  "training_loss": 0.1000125798361622,
  "training_worker_0_memory_MB": 6051.5546875,
  "training_gpu_0_memory_MB": 0.0,
  "validation_f1": 0.7510088483492533,
  "validation_accuracy": 0.8070175438596491,
  "validation_loss": 0.6771966086816974,
  "best_validation_f1": 0.7652464707692465,
  "best_validation_accuracy": 0.8245614035087719,
  "best_validation_loss": 0.6599598048487678,
  "test_f1": 0.7029391924540201,
  "test_accuracy": 0.7841726618705036,
  "test_loss": 0.890216138627794
}