{
  "best_epoch": 6,
  "peak_worker_0_memory_MB": 6051.54296875,
  "peak_gpu_0_memory_MB": 0,
  "training_duration": "0:01:24.674395",
  "training_start_epoch": 0,
  "training_epochs": 6,
  "epoch": 6,
  "training_f1": 0.9299841523170471,
  "training_accuracy": 0.9549763033175356,
  "training_loss": 0.15036036335107572,
  "training_worker_0_memory_MB": 6051.54296875,
  "training_gpu_0_memory_MB": 0.0,
  "validation_f1": 0.7652464707692465,
  "validation_accuracy": 0.8245614035087719,
  "validation_loss": 0.6599598048487678,
  "best_validation_f1": 0.7652464707692465,
  "best_validation_accuracy": 0.8245614035087719,
  "best_validation_loss": 0.6599598048487678
}