{
  "best_epoch": 0,
  "peak_worker_0_memory_MB": 9846.2734375,
  "peak_gpu_0_memory_MB": 0,
  "training_duration": "0:06:25.523980",
  "training_start_epoch": 0,
  "training_epochs": 0,
  "epoch": 0,
  "training_f1": 0.9223480224609375,
  "training_accuracy": 0.92235,
  "training_loss": 0.20040312836021185,
  "training_worker_0_memory_MB": 9846.2734375,
  "training_gpu_0_memory_MB": 0.0,
  "validation_f1": 0.9491964280605316,
  "validation_accuracy": 0.9492,
  "validation_loss": 0.13168197531348314,
  "best_validation_f1": 0.9491964280605316,
  "best_validation_accuracy": 0.9492,
  "best_validation_loss": 0.13168197531348314
}