{
  "best_epoch": 1,
  "peak_worker_0_memory_MB": 6139.0,
  "peak_gpu_0_memory_MB": 0,
  "training_duration": "0:01:31.078334",
  "training_start_epoch": 0,
  "training_epochs": 1,
  "epoch": 1,
  "training_f1": 0.48011747231850255,
  "training_accuracy": 0.7850803550011993,
  "training_loss": 0.6938434799854782,
  "training_worker_0_memory_MB": 6139.0,
  "training_gpu_0_memory_MB": 0.0,
  "validation_f1": 0.5053854653468499,
  "validation_accuracy": 0.8014009064688916,
  "validation_loss": 0.7087828812042349,
  "best_validation_f1": 0.5053854653468499,
  "best_validation_accuracy": 0.8014009064688916,
  "best_validation_loss": 0.7087828812042349
}