{
  "best_epoch": 2,
  "peak_worker_0_memory_MB": 6139.26953125,
  "peak_gpu_0_memory_MB": 0,
  "training_duration": "0:02:28.206568",
  "training_start_epoch": 0,
  "training_epochs": 2,
  "epoch": 2,
  "training_f1": 0.5691087476622599,
  "training_accuracy": 0.8611177740465339,
  "training_loss": 0.46794455923796613,
  "training_worker_0_memory_MB": 6139.26953125,
  "training_gpu_0_memory_MB": 0.0,
  "validation_f1": 0.5160318355147655,
  "validation_accuracy": 0.7902760609806345,
  "validation_loss": 0.73456832310675,
  "best_validation_f1": 0.5160318355147655,
  "best_validation_accuracy": 0.7902760609806345,
  "best_validation_loss": 0.73456832310675
}