{
  "best_epoch": 2,
  "peak_worker_0_memory_MB": 6139.4609375,
  "peak_gpu_0_memory_MB": 0,
  "training_duration": "0:03:28.203565",
  "training_start_epoch": 0,
  "training_epochs": 3,
  "epoch": 3,
  "training_f1": 0.6226625350805429,
  "training_accuracy": 0.8966178939793715,
  "training_loss": 0.3487852602961591,
  "training_worker_0_memory_MB": 6139.4609375,
  "training_gpu_0_memory_MB": 0.0,
  "validation_f1": 0.507552431179927,
  "validation_accuracy": 0.8133498145859085,
  "validation_loss": 0.7056944457887623,
  "best_validation_f1": 0.5160318355147655,
  "best_validation_accuracy": 0.7902760609806345,
  "best_validation_loss": 0.73456832310675
}