{
  "best_epoch": 2,
  "peak_worker_0_memory_MB": 7592.4296875,
  "peak_gpu_0_memory_MB": 0,
  "training_duration": "0:46:57.977540",
  "training_start_epoch": 0,
  "training_epochs": 3,
  "epoch": 3,
  "training_f1": 0.9621375948190689,
  "training_accuracy": 0.9621130434782609,
  "training_loss": 0.11116377853498012,
  "training_worker_0_memory_MB": 7592.4296875,
  "training_gpu_0_memory_MB": 0.0,
  "validation_f1": 0.9396466314792633,
  "validation_accuracy": 0.9396,
  "validation_loss": 0.21695270876254374,
  "best_validation_f1": 0.940498411655426,
  "best_validation_accuracy": 0.9404,
  "best_validation_loss": 0.19833310784998173
}