{
  "best_epoch": 0,
  "peak_worker_0_memory_MB": 7389.87890625,
  "peak_gpu_0_memory_MB": 0,
  "training_duration": "0:08:26.443773",
  "training_start_epoch": 0,
  "training_epochs": 0,
  "epoch": 0,
  "training_f1": 0.916455090045929,
  "training_accuracy": 0.9164347826086956,
  "training_loss": 0.24033931982215043,
  "training_worker_0_memory_MB": 7389.87890625,
  "training_gpu_0_memory_MB": 0.0,
  "validation_f1": 0.9345110803842545,
  "validation_accuracy": 0.9344,
  "validation_loss": 0.19829634919958994,
  "best_validation_f1": 0.9345110803842545,
  "best_validation_accuracy": 0.9344,
  "best_validation_loss": 0.19829634919958994
}