{
  "best_epoch": 3,
  "peak_worker_0_memory_MB": 6034.21875,
  "peak_gpu_0_memory_MB": 0,
  "training_duration": "0:00:46.182376",
  "training_start_epoch": 0,
  "training_epochs": 3,
  "epoch": 3,
  "training_f1": 0.7786205808321635,
  "training_accuracy": 0.860781990521327,
  "training_loss": 0.4219910594511707,
  "training_worker_0_memory_MB": 6034.21875,
  "training_gpu_0_memory_MB": 0.0,
  "validation_f1": 0.6535113155841827,
  "validation_accuracy": 0.7982456140350878,
  "validation_loss": 0.5773889198899269,
  "best_validation_f1": 0.6535113155841827,
  "best_validation_accuracy": 0.7982456140350878,
  "best_validation_loss": 0.5773889198899269
}