{
  "best_epoch": 7,
  "peak_worker_0_memory_MB": 6034.21875,
  "peak_gpu_0_memory_MB": 0,
  "training_duration": "0:01:35.412994",
  "training_start_epoch": 0,
  "training_epochs": 7,
  "epoch": 7,
  "training_f1": 0.9479767382144928,
  "training_accuracy": 0.9638625592417062,
  "training_loss": 0.12582217919956543,
  "training_worker_0_memory_MB": 6034.21875,
  "training_gpu_0_memory_MB": 0.0,
  "validation_f1": 0.7523238559563955,
  "validation_accuracy": 0.7719298245614035,
  "validation_loss": 0.7260163143509999,
  "best_validation_f1": 0.7523238559563955,
  "best_validation_accuracy": 0.7719298245614035,
  "best_validation_loss": 0.7260163143509999
}