{
  "best_epoch": 9,
  "peak_worker_0_memory_MB": 6034.41015625,
  "peak_gpu_0_memory_MB": 0,
  "training_duration": "0:02:05.260852",
  "training_start_epoch": 0,
  "training_epochs": 9,
  "epoch": 9,
  "training_f1": 0.9574746191501617,
  "training_accuracy": 0.9691943127962085,
  "training_loss": 0.09956929783275316,
  "training_worker_0_memory_MB": 6034.41015625,
  "training_gpu_0_memory_MB": 0.0,
  "validation_f1": 0.837864508231481,
  "validation_accuracy": 0.8245614035087719,
  "validation_loss": 0.7552011132938787,
  "best_validation_f1": 0.837864508231481,
  "best_validation_accuracy": 0.8245614035087719,
  "best_validation_loss": 0.7552011132938787
}