{
  "best_epoch": 4,
  "peak_worker_0_memory_MB": 6034.21875,
  "peak_gpu_0_memory_MB": 0,
  "training_duration": "0:01:24.029354",
  "training_start_epoch": 0,
  "training_epochs": 6,
  "epoch": 6,
  "training_f1": 0.92784783244133,
  "training_accuracy": 0.9537914691943128,
  "training_loss": 0.16384307640376236,
  "training_worker_0_memory_MB": 6034.21875,
  "training_gpu_0_memory_MB": 0.0,
  "validation_f1": 0.7313376764456431,
  "validation_accuracy": 0.7894736842105263,
  "validation_loss": 0.6806627477053553,
  "best_validation_f1": 0.746041069428126,
  "best_validation_accuracy": 0.7982456140350878,
  "best_validation_loss": 0.6328294187551364
}