{
  "best_epoch": 2,
  "peak_worker_0_memory_MB": 6034.0078125,
  "peak_gpu_0_memory_MB": 0,
  "training_duration": "0:00:33.948693",
  "training_start_epoch": 0,
  "training_epochs": 2,
  "epoch": 2,
  "training_f1": 0.6699042518933614,
  "training_accuracy": 0.8015402843601895,
  "training_loss": 0.6138435671773722,
  "training_worker_0_memory_MB": 6034.0078125,
  "training_gpu_0_memory_MB": 0.0,
  "validation_f1": 0.65182497104009,
  "validation_accuracy": 0.7807017543859649,
  "validation_loss": 0.6799939051270485,
  "best_validation_f1": 0.65182497104009,
  "best_validation_accuracy": 0.7807017543859649,
  "best_validation_loss": 0.6799939051270485
}