{
  "best_epoch": 2,
  "peak_worker_0_memory_MB": 6397.55859375,
  "peak_gpu_0_memory_MB": 0,
  "training_duration": "0:04:02.465134",
  "training_start_epoch": 0,
  "training_epochs": 3,
  "epoch": 3,
  "training_f1": 0.8918657728603908,
  "training_accuracy": 0.9282385834109972,
  "training_loss": 0.24811117912614994,
  "training_worker_0_memory_MB": 6397.55859375,
  "training_gpu_0_memory_MB": 0.0,
  "validation_f1": 0.8270946315356663,
  "validation_accuracy": 0.8703296703296703,
  "validation_loss": 0.40486690273572656,
  "best_validation_f1": 0.838489123753139,
  "best_validation_accuracy": 0.8879120879120879,
  "best_validation_loss": 0.3822134331767929
}