{
  "best_epoch": 0,
  "peak_worker_0_memory_MB": 6349.89453125,
  "peak_gpu_0_memory_MB": 0,
  "training_duration": "0:00:42.240739",
  "training_start_epoch": 0,
  "training_epochs": 0,
  "epoch": 0,
  "training_f1": 0.2127203212252685,
  "training_accuracy": 0.5629077353215284,
  "training_loss": 1.353927892328489,
  "training_worker_0_memory_MB": 6349.89453125,
  "training_gpu_0_memory_MB": 0.0,
  "validation_f1": 0.41448989723409924,
  "validation_accuracy": 0.6681318681318681,
  "validation_loss": 0.9804083412063533,
  "best_validation_f1": 0.41448989723409924,
  "best_validation_accuracy": 0.6681318681318681,
  "best_validation_loss": 0.9804083412063533
}