{
  "best_epoch": 1,
  "peak_worker_0_memory_MB": 6397.27734375,
  "peak_gpu_0_memory_MB": 0,
  "training_duration": "0:01:49.247300",
  "training_start_epoch": 0,
  "training_epochs": 1,
  "epoch": 1,
  "training_f1": 0.6009643908057895,
  "training_accuracy": 0.7797452625038832,
  "training_loss": 0.7008503702755021,
  "training_worker_0_memory_MB": 6397.27734375,
  "training_gpu_0_memory_MB": 0.0,
  "validation_f1": 0.7629509993961879,
  "validation_accuracy": 0.8263736263736263,
  "validation_loss": 0.5304235101773821,
  "best_validation_f1": 0.7629509993961879,
  "best_validation_accuracy": 0.8263736263736263,
  "best_validation_loss": 0.5304235101773821
}