{
  "best_epoch": 2,
  "peak_worker_0_memory_MB": 6034.89453125,
  "peak_gpu_0_memory_MB": 0,
  "training_duration": "0:00:41.396950",
  "training_start_epoch": 0,
  "training_epochs": 2,
  "epoch": 2,
  "training_f1": 0.5695773536960284,
  "training_accuracy": 0.7731042654028436,
  "training_loss": 0.6950834613504275,
  "training_worker_0_memory_MB": 6034.89453125,
  "training_gpu_0_memory_MB": 0.0,
  "validation_f1": 0.6986016631126404,
  "validation_accuracy": 0.7456140350877193,
  "validation_loss": 0.6733382306993008,
  "best_validation_f1": 0.6986016631126404,
  "best_validation_accuracy": 0.7456140350877193,
  "best_validation_loss": 0.6733382306993008
}