{
  "best_epoch": 2,
  "peak_worker_0_memory_MB": 6034.9296875,
  "peak_gpu_0_memory_MB": 0,
  "training_duration": "0:01:06.680172",
  "training_start_epoch": 0,
  "training_epochs": 4,
  "epoch": 4,
  "training_f1": 0.8168220321337382,
  "training_accuracy": 0.8874407582938388,
  "training_loss": 0.34195390818113425,
  "training_worker_0_memory_MB": 6034.9296875,
  "training_gpu_0_memory_MB": 0.0,
  "validation_f1": 0.6699701348940531,
  "validation_accuracy": 0.7631578947368421,
  "validation_loss": 0.6901958896778524,
  "best_validation_f1": 0.6986016631126404,
  "best_validation_accuracy": 0.7456140350877193,
  "best_validation_loss": 0.6733382306993008
}