{
  "best_epoch": 2,
  "peak_worker_0_memory_MB": 6402.34765625,
  "peak_gpu_0_memory_MB": 0,
  "training_duration": "0:04:58.451930",
  "training_start_epoch": 0,
  "training_epochs": 4,
  "epoch": 4,
  "training_f1": 0.9323954837662833,
  "training_accuracy": 0.9565082323703014,
  "training_loss": 0.13373606854883752,
  "training_worker_0_memory_MB": 6402.34765625,
  "training_gpu_0_memory_MB": 0.0,
  "validation_f1": 0.8344594836235046,
  "validation_accuracy": 0.8791208791208791,
  "validation_loss": 0.45322663134670466,
  "best_validation_f1": 0.8615002291543143,
  "best_validation_accuracy": 0.8923076923076924,
  "best_validation_loss": 0.36126532405614853,
  "test_f1": 0.808214613369533,
  "test_accuracy": 0.8655030800821355,
  "test_loss": 0.42024398790519746
}