{
  "best_epoch": 6,
  "peak_worker_0_memory_MB": 6033.0390625,
  "peak_gpu_0_memory_MB": 0,
  "training_duration": "0:01:33.651888",
  "training_start_epoch": 0,
  "training_epochs": 6,
  "epoch": 6,
  "training_f1": 0.9106150269508362,
  "training_accuracy": 0.9437203791469194,
  "training_loss": 0.19750224272632655,
  "training_worker_0_memory_MB": 6033.0390625,
  "training_gpu_0_memory_MB": 0.0,
  "validation_f1": 0.7538604438304901,
  "validation_accuracy": 0.8070175438596491,
  "validation_loss": 0.6997305806726217,
  "best_validation_f1": 0.7538604438304901,
  "best_validation_accuracy": 0.8070175438596491,
  "best_validation_loss": 0.6997305806726217
}