{
  "best_epoch": 3,
  "peak_worker_0_memory_MB": 6032.984375,
  "peak_gpu_0_memory_MB": 0,
  "training_duration": "0:00:54.849010",
  "training_start_epoch": 0,
  "training_epochs": 3,
  "epoch": 3,
  "training_f1": 0.6801593750715256,
  "training_accuracy": 0.8127962085308057,
  "training_loss": 0.6024828037282206,
  "training_worker_0_memory_MB": 6032.984375,
  "training_gpu_0_memory_MB": 0.0,
  "validation_f1": 0.6427182654539744,
  "validation_accuracy": 0.7982456140350878,
  "validation_loss": 0.6572966147214174,
  "best_validation_f1": 0.6427182654539744,
  "best_validation_accuracy": 0.7982456140350878,
  "best_validation_loss": 0.6572966147214174
}