{
  "best_epoch": 4,
  "peak_worker_0_memory_MB": 6032.984375,
  "peak_gpu_0_memory_MB": 0,
  "training_duration": "0:01:08.963885",
  "training_start_epoch": 0,
  "training_epochs": 4,
  "epoch": 4,
  "training_f1": 0.7917563021183014,
  "training_accuracy": 0.8815165876777251,
  "training_loss": 0.40956276458389357,
  "training_worker_0_memory_MB": 6032.984375,
  "training_gpu_0_memory_MB": 0.0,
  "validation_f1": 0.7063231269518534,
  "validation_accuracy": 0.7894736842105263,
  "validation_loss": 0.691826909314841,
  "best_validation_f1": 0.7063231269518534,
  "best_validation_accuracy": 0.7894736842105263,
  "best_validation_loss": 0.691826909314841
}