{
  "best_epoch": 6,
  "peak_worker_0_memory_MB": 6033.140625,
  "peak_gpu_0_memory_MB": 0,
  "training_duration": "0:01:57.767052",
  "training_start_epoch": 0,
  "training_epochs": 8,
  "epoch": 8,
  "training_f1": 0.9449000855286916,
  "training_accuracy": 0.9626777251184834,
  "training_loss": 0.13150592830102398,
  "training_worker_0_memory_MB": 6033.140625,
  "training_gpu_0_memory_MB": 0.0,
  "validation_f1": 0.6522660503784815,
  "validation_accuracy": 0.7631578947368421,
  "validation_loss": 0.7503907920327038,
  "best_validation_f1": 0.7538604438304901,
  "best_validation_accuracy": 0.8070175438596491,
  "best_validation_loss": 0.6997305806726217,
  "test_f1": 0.6554375439882278,
  "test_accuracy": 0.7553956834532374,
  "test_loss": 0.8907153705755869
}