{
  "best_epoch": 1,
  "peak_worker_0_memory_MB": 7572.609375,
  "peak_gpu_0_memory_MB": 0,
  "training_duration": "0:23:07.789917",
  "training_start_epoch": 0,
  "training_epochs": 1,
  "epoch": 1,
  "training_f1": 0.9400743246078491,
  "training_accuracy": 0.9400521739130435,
  "training_loss": 0.17200743524929324,
  "training_worker_0_memory_MB": 7572.609375,
  "training_gpu_0_memory_MB": 0.0,
  "validation_f1": 0.9337833970785141,
  "validation_accuracy": 0.9338,
  "validation_loss": 0.18861832384900828,
  "best_validation_f1": 0.9337833970785141,
  "best_validation_accuracy": 0.9338,
  "best_validation_loss": 0.18861832384900828
}