{
  "best_epoch": 3,
  "peak_worker_0_memory_MB": 7573.359375,
  "peak_gpu_0_memory_MB": 0,
  "training_duration": "0:46:19.217395",
  "training_start_epoch": 0,
  "training_epochs": 3,
  "epoch": 3,
  "training_f1": 0.9611061960458755,
  "training_accuracy": 0.9610782608695653,
  "training_loss": 0.11298665993383235,
  "training_worker_0_memory_MB": 7573.359375,
  "training_gpu_0_memory_MB": 0.0,
  "validation_f1": 0.9408459216356277,
  "validation_accuracy": 0.9408,
  "validation_loss": 0.20680241605130056,
  "best_validation_f1": 0.9408459216356277,
  "best_validation_accuracy": 0.9408,
  "best_validation_loss": 0.20680241605130056
}