{
  "best_epoch": 2,
  "peak_worker_0_memory_MB": 7573.3125,
  "peak_gpu_0_memory_MB": 0,
  "training_duration": "0:34:40.622811",
  "training_start_epoch": 0,
  "training_epochs": 2,
  "epoch": 2,
  "training_f1": 0.9525004178285599,
  "training_accuracy": 0.9524608695652174,
  "training_loss": 0.13852288451977463,
  "training_worker_0_memory_MB": 7573.3125,
  "training_gpu_0_memory_MB": 0.0,
  "validation_f1": 0.9373123198747635,
  "validation_accuracy": 0.9372,
  "validation_loss": 0.1914757326031074,
  "best_validation_f1": 0.9373123198747635,
  "best_validation_accuracy": 0.9372,
  "best_validation_loss": 0.1914757326031074
}