{
  "best_epoch": 1,
  "peak_worker_0_memory_MB": 13613.06640625,
  "peak_gpu_0_memory_MB": 0,
  "training_duration": "1:26:06.765040",
  "training_start_epoch": 0,
  "training_epochs": 2,
  "epoch": 2,
  "training_f1": 0.7374925911426544,
  "training_accuracy": 0.8897449913666693,
  "training_loss": 0.2695498647250241,
  "training_worker_0_memory_MB": 13613.06640625,
  "training_gpu_0_memory_MB": 0.0,
  "validation_f1": 0.6638655066490173,
  "validation_accuracy": 0.871,
  "validation_loss": 0.33784368167967554,
  "best_validation_f1": 0.6792206019163132,
  "best_validation_accuracy": 0.8704,
  "best_validation_loss": 0.31591935684464084
}