{
  "best_epoch": 1,
  "peak_worker_0_memory_MB": 13611.99609375,
  "peak_gpu_0_memory_MB": 0,
  "training_duration": "0:56:01.652752",
  "training_start_epoch": 0,
  "training_epochs": 1,
  "epoch": 1,
  "training_f1": 0.6776474863290787,
  "training_accuracy": 0.8753416456256344,
  "training_loss": 0.2981504951773712,
  "training_worker_0_memory_MB": 13611.99609375,
  "training_gpu_0_memory_MB": 0.0,
  "validation_f1": 0.6792206019163132,
  "validation_accuracy": 0.8704,
  "validation_loss": 0.31591935684464084,
  "best_validation_f1": 0.6792206019163132,
  "best_validation_accuracy": 0.8704,
  "best_validation_loss": 0.31591935684464084
}