{
  "best_epoch": 0,
  "peak_worker_0_memory_MB": 10049.12890625,
  "peak_gpu_0_memory_MB": 0,
  "training_duration": "0:12:31.430154",
  "training_start_epoch": 0,
  "training_epochs": 1,
  "epoch": 1,
  "training_f1": 0.959399938583374,
  "training_accuracy": 0.9594,
  "training_loss": 0.12041508357711136,
  "training_worker_0_memory_MB": 10049.12890625,
  "training_gpu_0_memory_MB": 0.0,
  "validation_f1": 0.9352890849113464,
  "validation_accuracy": 0.9354,
  "validation_loss": 0.1728879362850572,
  "best_validation_f1": 0.9477932453155518,
  "best_validation_accuracy": 0.9478,
  "best_validation_loss": 0.14585849707321333
}