{
  "best_epoch": 7,
  "peak_worker_0_memory_MB": 10049.50390625,
  "peak_gpu_0_memory_MB": 0,
  "training_duration": "0:56:40.521938",
  "training_start_epoch": 0,
  "training_epochs": 8,
  "epoch": 8,
  "training_f1": 0.9942999184131622,
  "training_accuracy": 0.9943,
  "training_loss": 0.0195058925001882,
  "training_worker_0_memory_MB": 10049.50390625,
  "training_gpu_0_memory_MB": 0.0,
  "validation_f1": 0.9431901276111603,
  "validation_accuracy": 0.9432,
  "validation_loss": 0.3076150970528469,
  "best_validation_f1": 0.950198769569397,
  "best_validation_accuracy": 0.9502,
  "best_validation_loss": 0.20649690623469533
}