{
  "best_epoch": 4,
  "peak_worker_0_memory_MB": 10049.43359375,
  "peak_gpu_0_memory_MB": 0,
  "training_duration": "0:31:23.946172",
  "training_start_epoch": 0,
  "training_epochs": 4,
  "epoch": 4,
  "training_f1": 0.9874500036239624,
  "training_accuracy": 0.98745,
  "training_loss": 0.040451923183724287,
  "training_worker_0_memory_MB": 10049.43359375,
  "training_gpu_0_memory_MB": 0.0,
  "validation_f1": 0.9493938684463501,
  "validation_accuracy": 0.9494,
  "validation_loss": 0.22791919682222156,
  "best_validation_f1": 0.9493938684463501,
  "best_validation_accuracy": 0.9494,
  "best_validation_loss": 0.22791919682222156
}