{
  "best_epoch": 0,
  "peak_worker_0_memory_MB": 9851.55078125,
  "peak_gpu_0_memory_MB": 0,
  "training_duration": "0:06:25.750772",
  "training_start_epoch": 0,
  "training_epochs": 0,
  "epoch": 0,
  "training_f1": 0.9189960062503815,
  "training_accuracy": 0.919,
  "training_loss": 0.20771102491132915,
  "training_worker_0_memory_MB": 9851.55078125,
  "training_gpu_0_memory_MB": 0.0,
  "validation_f1": 0.9477932453155518,
  "validation_accuracy": 0.9478,
  "validation_loss": 0.14585849707321333,
  "best_validation_f1": 0.9477932453155518,
  "best_validation_accuracy": 0.9478,
  "best_validation_loss": 0.14585849707321333
}