{
  "best_epoch": 0,
  "peak_worker_0_memory_MB": 8462.12109375,
  "peak_gpu_0_memory_MB": 0,
  "training_duration": "0:19:21.297545",
  "training_start_epoch": 0,
  "training_epochs": 0,
  "epoch": 0,
  "training_f1": 0.7896555185317993,
  "training_accuracy": 0.8510386580759831,
  "training_loss": 0.4108821053217971,
  "training_worker_0_memory_MB": 8462.12109375,
  "training_gpu_0_memory_MB": 0.0,
  "validation_f1": 0.8177390813827514,
  "validation_accuracy": 0.8747517542698265,
  "validation_loss": 0.3497434611626506,
  "best_validation_f1": 0.8177390813827514,
  "best_validation_accuracy": 0.8747517542698265,
  "best_validation_loss": 0.3497434611626506
}