{
  "best_epoch": 0,
  "peak_worker_0_memory_MB": 6421.0,
  "peak_gpu_0_memory_MB": 0,
  "training_duration": "0:00:17.402287",
  "training_start_epoch": 0,
  "training_epochs": 1,
  "epoch": 1,
  "training_f1": 0.7537013292312622,
  "training_accuracy": 0.7713178294573644,
  "training_loss": 0.49489731273867865,
  "training_worker_0_memory_MB": 6421.0,
  "training_gpu_0_memory_MB": 0.0,
  "validation_f1": 0.7362440526485443,
  "validation_accuracy": 0.7777777777777778,
  "validation_loss": 0.5206149145960808,
  "best_validation_f1": 0.7362440526485443,
  "best_validation_accuracy": 0.7777777777777778,
  "best_validation_loss": 0.5377176031470299
}