{
  "best_epoch": 2,
  "peak_worker_0_memory_MB": 6421.0,
  "peak_gpu_0_memory_MB": 0,
  "training_duration": "0:00:23.748905",
  "training_start_epoch": 0,
  "training_epochs": 2,
  "epoch": 2,
  "training_f1": 0.8323650360107422,
  "training_accuracy": 0.8507751937984496,
  "training_loss": 0.3826381198384545,
  "training_worker_0_memory_MB": 6421.0,
  "training_gpu_0_memory_MB": 0.0,
  "validation_f1": 0.8188235461711884,
  "validation_accuracy": 0.8253968253968254,
  "validation_loss": 0.44503866881132126,
  "best_validation_f1": 0.8188235461711884,
  "best_validation_accuracy": 0.8253968253968254,
  "best_validation_loss": 0.44503866881132126
}