{
  "best_epoch": 4,
  "peak_worker_0_memory_MB": 6421.05859375,
  "peak_gpu_0_memory_MB": 0,
  "training_duration": "0:00:50.416064",
  "training_start_epoch": 0,
  "training_epochs": 5,
  "epoch": 5,
  "training_f1": 0.9576626121997833,
  "training_accuracy": 0.9612403100775194,
  "training_loss": 0.11214953666609345,
  "training_worker_0_memory_MB": 6421.05859375,
  "training_gpu_0_memory_MB": 0.0,
  "validation_f1": 0.8342105448246002,
  "validation_accuracy": 0.8412698412698413,
  "validation_loss": 0.29414548352360725,
  "best_validation_f1": 0.8860170543193817,
  "best_validation_accuracy": 0.8888888888888888,
  "best_validation_loss": 0.3371332548558712
}