{
  "best_epoch": 2,
  "peak_worker_0_memory_MB": 7579.890625,
  "peak_gpu_0_memory_MB": 0,
  "training_duration": "1:26:38.525524",
  "training_start_epoch": 0,
  "training_epochs": 4,
  "epoch": 4,
  "training_f1": 0.9691234678030014,
  "training_accuracy": 0.969104347826087,
  "training_loss": 0.09228873635222047,
  "training_worker_0_memory_MB": 7579.890625,
  "training_gpu_0_memory_MB": 0.0,
  "validation_f1": 0.9348084330558777,
  "validation_accuracy": 0.9346,
  "validation_loss": 0.22773235336804507,
  "best_validation_f1": 0.9363201558589935,
  "best_validation_accuracy": 0.9362,
  "best_validation_loss": 0.19782216319838128
}