{
  "best_epoch": 2,
  "peak_worker_0_memory_MB": 7579.890625,
  "peak_gpu_0_memory_MB": 0,
  "training_duration": "1:17:05.489203",
  "training_start_epoch": 0,
  "training_epochs": 3,
  "epoch": 3,
  "training_f1": 0.961601734161377,
  "training_accuracy": 0.9615739130434783,
  "training_loss": 0.11261831982962466,
  "training_worker_0_memory_MB": 7579.890625,
  "training_gpu_0_memory_MB": 0.0,
  "validation_f1": 0.9345318824052811,
  "validation_accuracy": 0.9344,
  "validation_loss": 0.2121126706683681,
  "best_validation_f1": 0.9363201558589935,
  "best_validation_accuracy": 0.9362,
  "best_validation_loss": 0.19782216319838128
}