{
  "best_epoch": 1,
  "peak_worker_0_memory_MB": 7578.8984375,
  "peak_gpu_0_memory_MB": 0,
  "training_duration": "0:50:30.777185",
  "training_start_epoch": 0,
  "training_epochs": 1,
  "epoch": 1,
  "training_f1": 0.9405193775892258,
  "training_accuracy": 0.9404782608695652,
  "training_loss": 0.1734323762707388,
  "training_worker_0_memory_MB": 7578.8984375,
  "training_gpu_0_memory_MB": 0.0,
  "validation_f1": 0.9357927739620209,
  "validation_accuracy": 0.9356,
  "validation_loss": 0.19751844051540993,
  "best_validation_f1": 0.9357927739620209,
  "best_validation_accuracy": 0.9356,
  "best_validation_loss": 0.19751844051540993
}